Bulan_Tahun,Curah_Hujan,Time_Index,Kategori
2024-01-01,4.11,1,Rendah
2024-01-02,31.93,2,Rendah
2024-01-03,35.45,3,Rendah
2024-01-04,1.88,4,Rendah
2024-01-05,21.2,5,Rendah
2024-01-06,41.19,6,Sedang
2024-01-07,21.52,7,Rendah
2024-01-08,16.17,8,Rendah
2024-01-09,29.58,9,Rendah
2024-01-10,65.46,10,Sedang
2024-01-11,27.11,11,Rendah
2024-01-12,18.47,12,Rendah
2024-01-13,5.74,13,Rendah
2024-01-14,7.52,14,Rendah
2024-01-15,1.75,15,Rendah
2024-01-16,12.96,16,Rendah
2024-01-17,19.54,17,Rendah
2024-01-18,15.37,18,Rendah
2024-01-19,42.22,19,Sedang
2024-01-20,4.52,20,Rendah
2024-01-21,0.83,21,Rendah
2024-01-22,0.82,22,Rendah
2024-01-23,3.39,23,Rendah
2024-01-24,4.02,24,Rendah
2024-01-25,0.9,25,Rendah
2024-01-26,2.04,26,Rendah
2024-01-27,17.63,27,Rendah
2024-01-28,12.99,28,Rendah
2024-01-29,12.17,29,Rendah
2024-01-30,16.2,30,Rendah
2024-01-31,1.88,31,Rendah
2024-02-01,11.14,32,Rendah
2024-02-02,6.98,33,Rendah
2024-02-03,17.67,34,Rendah
2024-02-04,0.67,35,Rendah
2024-02-05,2.21,36,Rendah
2024-02-06,4.04,37,Rendah
2024-02-07,7.34,38,Rendah
2024-02-08,12.57,39,Rendah
2024-02-09,16.31,40,Rendah
2024-02-10,63.4,41,Sedang
2024-02-11,6.52,42,Rendah
2024-02-12,4.1,43,Rendah
2024-02-13,4.46,44,Rendah
2024-02-14,6.54,45,Rendah
2024-02-15,14.3,46,Rendah
2024-02-16,38.13,47,Sedang
2024-02-17,18.13,48,Rendah
2024-02-18,7.42,49,Rendah
2024-02-19,19.4,50,Rendah
2024-02-20,20.22,51,Rendah
2024-02-21,54.76,52,Sedang
2024-02-22,6.49,53,Rendah
2024-02-23,5.78,54,Rendah
2024-02-24,5.32,55,Rendah
2024-02-25,4.32,56,Rendah
2024-02-26,0.72,57,Rendah
2024-02-27,2.13,58,Rendah
2024-02-28,5.43,59,Rendah
2024-02-29,3.35,60,Rendah
2024-03-01,7.97,61,Rendah
2024-03-02,20.22,62,Rendah
2024-03-03,24.84,63,Rendah
2024-03-04,14.57,64,Rendah
2024-03-05,15.43,65,Rendah
2024-03-06,9.76,66,Rendah
2024-03-07,100.4,67,Tinggi
2024-03-08,38.49,68,Sedang
2024-03-09,24.79,69,Rendah
2024-03-10,7.79,70,Rendah
2024-03-11,2.24,71,Rendah
2024-03-12,1.86,72,Rendah
2024-03-13,0.0,73,Rendah
2024-03-14,0.05,74,Rendah
2024-03-15,1.0,75,Rendah
2024-03-16,2.16,76,Rendah
2024-03-17,1.07,77,Rendah
2024-03-18,1.61,78,Rendah
2024-03-19,1.62,79,Rendah
2024-03-20,0.24,80,Rendah
2024-03-21,1.63,81,Rendah
2024-03-22,0.93,82,Rendah
2024-03-23,5.48,83,Rendah
2024-03-24,4.23,84,Rendah
2024-03-25,23.8,85,Rendah
2024-03-26,4.97,86,Rendah
2024-03-27,0.55,87,Rendah
2024-03-28,5.54,88,Rendah
2024-03-29,5.91,89,Rendah
2024-03-30,8.31,90,Rendah
2024-03-31,22.32,91,Rendah
2024-04-01,61.86,92,Sedang
2024-04-02,31.63,93,Rendah
2024-04-03,12.5,94,Rendah
2024-04-04,4.62,95,Rendah
2024-04-05,10.99,96,Rendah
2024-04-06,20.04,97,Rendah
2024-04-07,6.39,98,Rendah
2024-04-08,8.5,99,Rendah
2024-04-09,15.14,100,Rendah
2024-04-10,18.15,101,Rendah
2024-04-11,7.3,102,Rendah
2024-04-12,3.95,103,Rendah
2024-04-13,3.49,104,Rendah
2024-04-14,7.74,105,Rendah
2024-04-15,20.87,106,Rendah
2024-04-16,28.02,107,Rendah
2024-04-17,8.24,108,Rendah
2024-04-18,8.11,109,Rendah
2024-04-19,2.12,110,Rendah
2024-04-20,19.36,111,Rendah
2024-04-21,7.76,112,Rendah
2024-04-22,6.69,113,Rendah
2024-04-23,32.13,114,Rendah
2024-04-24,1.85,115,Rendah
2024-04-25,24.2,116,Rendah
2024-04-26,27.96,117,Rendah
2024-04-27,106.39,118,Tinggi
2024-04-28,10.57,119,Rendah
2024-04-29,21.28,120,Rendah
2024-04-30,28.78,121,Rendah
2024-05-01,66.17,122,Sedang
2024-05-02,5.93,123,Rendah
2024-05-03,22.64,124,Rendah
2024-05-04,52.19,125,Sedang
2024-05-05,5.48,126,Rendah
2024-05-06,4.53,127,Rendah
2024-05-07,17.64,128,Rendah
2024-05-08,2.6,129,Rendah
2024-05-09,1.47,130,Rendah
2024-05-10,4.38,131,Rendah
2024-05-11,45.34,132,Sedang
2024-05-12,33.93,133,Rendah
2024-05-13,20.18,134,Rendah
2024-05-14,15.39,135,Rendah
2024-05-15,5.47,136,Rendah
2024-05-16,19.17,137,Rendah
2024-05-17,2.13,138,Rendah
2024-05-18,7.0,139,Rendah
2024-05-19,1.85,140,Rendah
2024-05-20,31.36,141,Rendah
2024-05-21,12.85,142,Rendah
2024-05-22,71.39,143,Tinggi
2024-05-23,1.18,144,Rendah
2024-05-24,2.16,145,Rendah
2024-05-25,11.25,146,Rendah
2024-05-26,2.93,147,Rendah
2024-05-27,6.83,148,Rendah
2024-05-28,0.71,149,Rendah
2024-05-29,21.35,150,Rendah
2024-05-30,4.13,151,Rendah
2024-05-31,48.44,152,Sedang
2024-06-01,28.4,153,Rendah
2024-06-02,8.49,154,Rendah
2024-06-03,5.91,155,Rendah
2024-06-04,28.92,156,Rendah
2024-06-05,16.98,157,Rendah
2024-06-06,9.37,158,Rendah
2024-06-07,18.72,159,Rendah
2024-06-08,4.21,160,Rendah
2024-06-09,2.74,161,Rendah
2024-06-10,2.18,162,Rendah
2024-06-11,20.12,163,Rendah
2024-06-12,10.92,164,Rendah
2024-06-13,11.82,165,Rendah
2024-06-14,37.27,166,Sedang
2024-06-15,25.23,167,Rendah
2024-06-16,8.95,168,Rendah
2024-06-17,6.43,169,Rendah
2024-06-18,2.84,170,Rendah
2024-06-19,1.28,171,Rendah
2024-06-20,23.42,172,Rendah
2024-06-21,41.88,173,Sedang
2024-06-22,9.22,174,Rendah
2024-06-23,2.5,175,Rendah
2024-06-24,5.44,176,Rendah
2024-06-25,1.25,177,Rendah
2024-06-26,1.36,178,Rendah
2024-06-27,8.77,179,Rendah
2024-06-28,1.8,180,Rendah
2024-06-29,4.11,181,Rendah
2024-06-30,1.33,182,Rendah
2024-07-01,1.45,183,Rendah
2024-07-02,2.81,184,Rendah
2024-07-03,9.09,185,Rendah
2024-07-04,0.3,186,Rendah
2024-07-05,3.26,187,Rendah
2024-07-06,7.74,188,Rendah
2024-07-07,5.56,189,Rendah
2024-07-08,8.76,190,Rendah
2024-07-09,1.97,191,Rendah
2024-07-10,4.59,192,Rendah
2024-07-11,0.83,193,Rendah
2024-07-12,4.54,194,Rendah
2024-07-13,4.48,195,Rendah
2024-07-14,0.31,196,Rendah
2024-07-15,0.93,197,Rendah
2024-07-16,0.73,198,Rendah
2024-07-17,0.45,199,Rendah
2024-07-18,0.23,200,Rendah
2024-07-19,0.14,201,Rendah
2024-07-20,0.14,202,Rendah
2024-07-21,0.04,203,Rendah
2024-07-22,0.04,204,Rendah
2024-07-23,0.39,205,Rendah
2024-07-24,0.03,206,Rendah
2024-07-25,0.18,207,Rendah
2024-07-26,0.13,208,Rendah
2024-07-27,0.07,209,Rendah
2024-07-28,0.23,210,Rendah
2024-07-29,1.21,211,Rendah
2024-07-30,9.88,212,Rendah
2024-07-31,43.06,213,Sedang
2024-08-01,21.55,214,Rendah
2024-08-02,3.06,215,Rendah
2024-08-03,18.12,216,Rendah
2024-08-04,15.13,217,Rendah
2024-08-05,25.05,218,Rendah
2024-08-06,27.05,219,Rendah
2024-08-07,17.19,220,Rendah
2024-08-08,1.31,221,Rendah
2024-08-09,6.4,222,Rendah
2024-08-10,24.36,223,Rendah
2024-08-11,25.77,224,Rendah
2024-08-12,7.1,225,Rendah
2024-08-13,1.0,226,Rendah
2024-08-14,0.51,227,Rendah
2024-08-15,9.93,228,Rendah
2024-08-16,18.13,229,Rendah
2024-08-17,7.41,230,Rendah
2024-08-18,5.83,231,Rendah
2024-08-19,43.63,232,Sedang
2024-08-20,38.14,233,Sedang
2024-08-21,2.59,234,Rendah
2024-08-22,37.27,235,Sedang
2024-08-23,38.13,236,Sedang
2024-08-24,31.02,237,Rendah
2024-08-25,5.26,238,Rendah
2024-08-26,35.72,239,Sedang
2024-08-27,23.45,240,Rendah
2024-08-28,2.22,241,Rendah
2024-08-29,0.2,242,Rendah
2024-08-30,0.81,243,Rendah
2024-08-31,0.59,244,Rendah
2024-09-01,0.9,245,Rendah
2024-09-02,1.62,246,Rendah
2024-09-03,3.95,247,Rendah
2024-09-04,12.49,248,Rendah
2024-09-05,1.41,249,Rendah
2024-09-06,1.88,250,Rendah
2024-09-07,13.85,251,Rendah
2024-09-08,6.34,252,Rendah
2024-09-09,33.99,253,Rendah
2024-09-10,7.44,254,Rendah
2024-09-11,3.25,255,Rendah
2024-09-12,5.71,256,Rendah
2024-09-13,1.39,257,Rendah
2024-09-14,4.28,258,Rendah
2024-09-15,28.91,259,Rendah
2024-09-16,19.64,260,Rendah
2024-09-17,19.76,261,Rendah
2024-09-18,8.39,262,Rendah
2024-09-19,0.46,263,Rendah
2024-09-20,0.6,264,Rendah
2024-09-21,0.29,265,Rendah
2024-09-22,0.06,266,Rendah
2024-09-23,0.56,267,Rendah
2024-09-24,3.39,268,Rendah
2024-09-25,7.89,269,Rendah
2024-09-26,3.52,270,Rendah
2024-09-27,3.73,271,Rendah
2024-09-28,33.89,272,Rendah
2024-09-29,68.44,273,Sedang
2024-09-30,18.4,274,Rendah
2024-10-01,12.88,275,Rendah
2024-10-02,22.62,276,Rendah
2024-10-03,11.49,277,Rendah
2024-10-04,79.75,278,Tinggi
2024-10-05,37.53,279,Sedang
2024-10-06,33.22,280,Rendah
2024-10-07,25.6,281,Rendah
2024-10-08,2.93,282,Rendah
2024-10-09,9.62,283,Rendah
2024-10-10,13.96,284,Rendah
2024-10-11,22.3,285,Rendah
2024-10-12,60.19,286,Sedang
2024-10-13,58.71,287,Sedang
2024-10-14,20.42,288,Rendah
2024-10-15,8.81,289,Rendah
2024-10-16,0.46,290,Rendah
2024-10-17,14.58,291,Rendah
2024-10-18,0.75,292,Rendah
2024-10-19,1.28,293,Rendah
2024-10-20,1.11,294,Rendah
2024-10-21,0.07,295,Rendah
2024-10-22,0.51,296,Rendah
2024-10-23,0.49,297,Rendah
2024-10-24,0.43,298,Rendah
2024-10-25,0.45,299,Rendah
2024-10-26,0.1,300,Rendah
2024-10-27,0.34,301,Rendah
2024-10-28,0.53,302,Rendah
2024-10-29,0.63,303,Rendah
2024-10-30,1.58,304,Rendah
2024-10-31,26.41,305,Rendah
2024-11-01,2.45,306,Rendah
2024-11-02,9.54,307,Rendah
2024-11-03,2.67,308,Rendah
2024-11-04,3.89,309,Rendah
2024-11-05,4.29,310,Rendah
2024-11-06,3.53,311,Rendah
2024-11-07,10.61,312,Rendah
2024-11-08,1.44,313,Rendah
2024-11-09,6.25,314,Rendah
2024-11-10,6.0,315,Rendah
2024-11-11,1.65,316,Rendah
2024-11-12,7.0,317,Rendah
2024-11-13,21.61,318,Rendah
2024-11-14,56.44,319,Sedang
2024-11-15,16.13,320,Rendah
2024-11-16,73.63,321,Tinggi
2024-11-17,62.41,322,Sedang
2024-11-18,16.25,323,Rendah
2024-11-19,9.01,324,Rendah
2024-11-20,11.08,325,Rendah
2024-11-21,21.87,326,Rendah
2024-11-22,10.36,327,Rendah
2024-11-23,6.02,328,Rendah
2024-11-24,6.96,329,Rendah
2024-11-25,1.41,330,Rendah
2024-11-26,5.48,331,Rendah
2024-11-27,5.05,332,Rendah
2024-11-28,10.22,333,Rendah
2024-11-29,2.53,334,Rendah
2024-11-30,2.06,335,Rendah
2024-12-01,14.82,336,Rendah
2024-12-02,18.64,337,Rendah
2024-12-03,6.57,338,Rendah
2024-12-04,20.33,339,Rendah
2024-12-05,12.04,340,Rendah
2024-12-06,4.67,341,Rendah
2024-12-07,8.82,342,Rendah
2024-12-08,11.52,343,Rendah
2024-12-09,21.47,344,Rendah
2024-12-10,3.63,345,Rendah
2024-12-11,15.34,346,Rendah
2024-12-12,40.94,347,Sedang
2024-12-13,7.46,348,Rendah
2024-12-14,6.9,349,Rendah
2024-12-15,3.6,350,Rendah
2024-12-16,3.0,351,Rendah
2024-12-17,5.92,352,Rendah
2024-12-18,10.07,353,Rendah
2024-12-19,5.31,354,Rendah
2024-12-20,4.2,355,Rendah
2024-12-21,7.48,356,Rendah
2024-12-22,8.54,357,Rendah
2024-12-23,37.81,358,Sedang
2024-12-24,39.09,359,Sedang
2024-12-25,2.4,360,Rendah
2024-12-26,1.54,361,Rendah
2024-12-27,1.16,362,Rendah
2024-12-28,0.79,363,Rendah
2024-12-29,2.91,364,Rendah
2024-12-30,0.58,365,Rendah
2024-12-31,0.08,366,Rendah
2025-01-01,2.12,367,Rendah
2025-01-02,2.27,368,Rendah
2025-01-03,0.55,369,Rendah
2025-01-04,0.17,370,Rendah
2025-01-05,0.52,371,Rendah
2025-01-06,15.45,372,Rendah
2025-01-07,71.4,373,Tinggi
2025-01-08,3.8,374,Rendah
2025-01-09,6.71,375,Rendah
2025-01-10,3.42,376,Rendah
2025-01-11,7.85,377,Rendah
2025-01-12,15.99,378,Rendah
2025-01-13,16.71,379,Rendah
2025-01-14,30.48,380,Rendah
2025-01-15,28.27,381,Rendah
2025-01-16,28.03,382,Rendah
2025-01-17,67.17,383,Sedang
2025-01-18,16.46,384,Rendah
2025-01-19,15.66,385,Rendah
2025-01-20,11.28,386,Rendah
2025-01-21,23.05,387,Rendah
2025-01-22,9.11,388,Rendah
2025-01-23,27.36,389,Rendah
2025-01-24,21.7,390,Rendah
2025-01-25,68.52,391,Sedang
2025-01-26,7.9,392,Rendah
2025-01-27,6.22,393,Rendah
2025-01-28,5.43,394,Rendah
2025-01-29,2.09,395,Rendah
2025-01-30,2.18,396,Rendah
2025-01-31,1.72,397,Rendah
2025-02-01,1.38,398,Rendah
2025-02-02,0.45,399,Rendah
2025-02-03,0.48,400,Rendah
2025-02-04,1.19,401,Rendah
2025-02-05,1.89,402,Rendah
2025-02-06,0.9,403,Rendah
2025-02-07,3.37,404,Rendah
2025-02-08,7.85,405,Rendah
2025-02-09,0.78,406,Rendah
2025-02-10,0.06,407,Rendah
2025-02-11,0.17,408,Rendah
2025-02-12,0.27,409,Rendah
2025-02-13,0.66,410,Rendah
2025-02-14,2.95,411,Rendah
2025-02-15,9.65,412,Rendah
2025-02-16,2.33,413,Rendah
2025-02-17,7.5,414,Rendah
2025-02-18,29.55,415,Rendah
2025-02-19,20.14,416,Rendah
2025-02-20,23.88,417,Rendah
2025-02-21,16.08,418,Rendah
2025-02-22,14.28,419,Rendah
2025-02-23,7.17,420,Rendah
2025-02-24,2.66,421,Rendah
2025-02-25,6.42,422,Rendah
2025-02-26,28.74,423,Rendah
2025-02-27,66.67,424,Sedang
2025-02-28,4.19,425,Rendah
2025-03-01,4.52,426,Rendah
2025-03-02,6.29,427,Rendah
2025-03-03,72.36,428,Tinggi
2025-03-04,4.86,429,Rendah
2025-03-05,31.1,430,Rendah
2025-03-06,36.48,431,Sedang
2025-03-07,3.76,432,Rendah
2025-03-08,13.72,433,Rendah
2025-03-09,1.04,434,Rendah
2025-03-10,4.23,435,Rendah
2025-03-11,26.52,436,Rendah
2025-03-12,43.49,437,Sedang
2025-03-13,56.07,438,Sedang
2025-03-14,8.17,439,Rendah
2025-03-15,3.86,440,Rendah
2025-03-16,6.82,441,Rendah
2025-03-17,11.9,442,Rendah
2025-03-18,5.57,443,Rendah
2025-03-19,19.85,444,Rendah
2025-03-20,5.52,445,Rendah
2025-03-21,2.04,446,Rendah
2025-03-22,5.15,447,Rendah
2025-03-23,4.84,448,Rendah
2025-03-24,2.5,449,Rendah
2025-03-25,2.82,450,Rendah
2025-03-26,0.79,451,Rendah
2025-03-27,42.9,452,Sedang
2025-03-28,28.33,453,Rendah
2025-03-29,26.04,454,Rendah
2025-03-30,7.22,455,Rendah
2025-03-31,6.22,456,Rendah
2025-04-01,8.93,457,Rendah
2025-04-02,3.94,458,Rendah
2025-04-03,1.35,459,Rendah
2025-04-04,17.54,460,Rendah
2025-04-05,15.47,461,Rendah
2025-04-06,3.05,462,Rendah
2025-04-07,16.99,463,Rendah
2025-04-08,10.26,464,Rendah
2025-04-09,3.87,465,Rendah
2025-04-10,6.34,466,Rendah
2025-04-11,15.05,467,Rendah
2025-04-12,8.49,468,Rendah
2025-04-13,17.14,469,Rendah
2025-04-14,15.02,470,Rendah
2025-04-15,19.12,471,Rendah
2025-04-16,22.57,472,Rendah
2025-04-17,16.49,473,Rendah
2025-04-18,2.0,474,Rendah
2025-04-19,5.5,475,Rendah
2025-04-20,9.28,476,Rendah
2025-04-21,11.48,477,Rendah
2025-04-22,14.59,478,Rendah
2025-04-23,20.58,479,Rendah
2025-04-24,8.68,480,Rendah
2025-04-25,0.9,481,Rendah
2025-04-26,1.38,482,Rendah
2025-04-27,4.89,483,Rendah
2025-04-28,18.61,484,Rendah
2025-04-29,3.49,485,Rendah
2025-04-30,5.94,486,Rendah
2025-05-01,13.05,487,Rendah
2025-05-02,16.46,488,Rendah
2025-05-03,4.94,489,Rendah
2025-05-04,2.8,490,Rendah
2025-05-05,1.5,491,Rendah
2025-05-06,0.75,492,Rendah
2025-05-07,1.21,493,Rendah
2025-05-08,8.91,494,Rendah
2025-05-09,4.3,495,Rendah
2025-05-10,9.23,496,Rendah
2025-05-11,46.99,497,Sedang
2025-05-12,7.06,498,Rendah
2025-05-13,11.87,499,Rendah
2025-05-14,7.29,500,Rendah
2025-05-15,5.11,501,Rendah
2025-05-16,7.78,502,Rendah
2025-05-17,0.8,503,Rendah
2025-05-18,4.73,504,Rendah
2025-05-19,0.97,505,Rendah
2025-05-20,1.23,506,Rendah
2025-05-21,8.02,507,Rendah
2025-05-22,9.08,508,Rendah
2025-05-23,7.02,509,Rendah
2025-05-24,2.13,510,Rendah
2025-05-25,3.03,511,Rendah
2025-05-26,0.9,512,Rendah
2025-05-27,0.62,513,Rendah
2025-05-28,2.21,514,Rendah
2025-05-29,0.33,515,Rendah
2025-05-30,0.47,516,Rendah
2025-05-31,6.9,517,Rendah
2025-06-01,2.06,518,Rendah
2025-06-02,3.9,519,Rendah
2025-06-03,2.42,520,Rendah
2025-06-04,7.62,521,Rendah
2025-06-05,11.37,522,Rendah
2025-06-06,19.34,523,Rendah
2025-06-07,4.0,524,Rendah
2025-06-08,3.06,525,Rendah
2025-06-09,12.97,526,Rendah
2025-06-10,16.46,527,Rendah
2025-06-11,2.78,528,Rendah
2025-06-12,0.68,529,Rendah
2025-06-13,0.85,530,Rendah
2025-06-14,1.26,531,Rendah
2025-06-15,3.64,532,Rendah
2025-06-16,29.61,533,Rendah
2025-06-17,28.0,534,Rendah
2025-06-18,2.12,535,Rendah
2025-06-19,0.54,536,Rendah
2025-06-20,0.89,537,Rendah
2025-06-21,0.53,538,Rendah
2025-06-22,3.01,539,Rendah
2025-06-23,1.04,540,Rendah
2025-06-24,0.76,541,Rendah
2025-06-25,0.12,542,Rendah
2025-06-26,0.33,543,Rendah
2025-06-27,0.82,544,Rendah
2025-06-28,5.86,545,Rendah
2025-06-29,0.11,546,Rendah
2025-06-30,0.79,547,Rendah
2025-07-01,0.3,548,Rendah
2025-07-02,1.02,549,Rendah
2025-07-03,0.3,550,Rendah
2025-07-04,1.29,551,Rendah
2025-07-05,5.18,552,Rendah
2025-07-06,13.67,553,Rendah
2025-07-07,2.53,554,Rendah
2025-07-08,26.13,555,Rendah
2025-07-09,20.47,556,Rendah
2025-07-10,1.17,557,Rendah
2025-07-11,4.19,558,Rendah
2025-07-12,1.06,559,Rendah
2025-07-13,12.53,560,Rendah
2025-07-14,25.02,561,Rendah
2025-07-15,2.56,562,Rendah
2025-07-16,0.28,563,Rendah
2025-07-17,0.07,564,Rendah
2025-07-18,0.03,565,Rendah
2025-07-19,0.08,566,Rendah
2025-07-20,9.07,567,Rendah
2025-07-21,6.99,568,Rendah
2025-07-22,1.22,569,Rendah
2025-07-23,0.96,570,Rendah
2025-07-24,1.35,571,Rendah
2025-07-25,24.42,572,Rendah
2025-07-26,13.47,573,Rendah
2025-07-27,4.32,574,Rendah
2025-07-28,7.0,575,Rendah
2025-07-29,12.35,576,Rendah
2025-07-30,18.09,577,Rendah
2025-07-31,3.22,578,Rendah
2025-08-01,14.45,579,Rendah
2025-08-02,13.06,580,Rendah
2025-08-03,2.61,581,Rendah
2025-08-04,8.47,582,Rendah
2025-08-05,2.42,583,Rendah
2025-08-06,3.13,584,Rendah
2025-08-07,17.31,585,Rendah
2025-08-08,60.6,586,Sedang
2025-08-09,39.15,587,Sedang
2025-08-10,15.49,588,Rendah
2025-08-11,25.25,589,Rendah
2025-08-12,4.15,590,Rendah
2025-08-13,4.8,591,Rendah
2025-08-14,1.71,592,Rendah
2025-08-15,13.62,593,Rendah
2025-08-16,0.27,594,Rendah
2025-08-17,1.68,595,Rendah
2025-08-18,0.67,596,Rendah
2025-08-19,0.59,597,Rendah
2025-08-20,0.56,598,Rendah
2025-08-21,0.2,599,Rendah
2025-08-22,1.67,600,Rendah
2025-08-23,3.18,601,Rendah
2025-08-24,2.22,602,Rendah
2025-08-25,2.17,603,Rendah
2025-08-26,0.98,604,Rendah
2025-08-27,1.16,605,Rendah
2025-08-28,47.56,606,Sedang
2025-08-29,21.25,607,Rendah
2025-08-30,5.58,608,Rendah
2025-08-31,1.61,609,Rendah
2025-09-01,4.1,610,Rendah
2025-09-02,5.72,611,Rendah
2025-09-03,14.92,612,Rendah
2025-09-04,31.82,613,Rendah
2025-09-05,9.74,614,Rendah
2025-09-06,5.88,615,Rendah
2025-09-07,6.11,616,Rendah
2025-09-08,0.3,617,Rendah
2025-09-09,3.03,618,Rendah
2025-09-10,7.98,619,Rendah
2025-09-11,31.47,620,Rendah
2025-09-12,6.43,621,Rendah
2025-09-13,12.1,622,Rendah
2025-09-14,12.01,623,Rendah
2025-09-15,7.68,624,Rendah
2025-09-16,10.74,625,Rendah
2025-09-17,3.47,626,Rendah
2025-09-18,4.07,627,Rendah
2025-09-19,1.44,628,Rendah
2025-09-20,7.05,629,Rendah
2025-09-21,5.82,630,Rendah
2025-09-22,5.11,631,Rendah
2025-09-23,15.26,632,Rendah
2025-09-24,11.54,633,Rendah
2025-09-25,2.41,634,Rendah
2025-09-26,0.48,635,Rendah
2025-09-27,2.57,636,Rendah
2025-09-28,34.83,637,Rendah
2025-09-29,4.62,638,Rendah
2025-09-30,1.93,639,Rendah
2025-10-01,3.5,640,Rendah
2025-10-02,1.58,641,Rendah
2025-10-03,6.73,642,Rendah
2025-10-04,0.16,643,Rendah
2025-10-05,3.43,644,Rendah
2025-10-06,4.58,645,Rendah
2025-10-07,3.59,646,Rendah
2025-10-08,0.06,647,Rendah
2025-10-09,0.97,648,Rendah
2025-10-10,1.32,649,Rendah
2025-10-11,7.06,650,Rendah
2025-10-12,12.72,651,Rendah
2025-10-13,0.67,652,Rendah
2025-10-14,9.25,653,Rendah
2025-10-15,5.45,654,Rendah
2025-10-16,17.29,655,Rendah
2025-10-17,25.28,656,Rendah
2025-10-18,34.46,657,Rendah
2025-10-19,12.59,658,Rendah
2025-10-20,9.28,659,Rendah
2025-10-21,2.83,660,Rendah
2025-10-22,2.57,661,Rendah
2025-10-23,0.74,662,Rendah
2025-10-24,10.23,663,Rendah
2025-10-25,6.08,664,Rendah
2025-10-26,3.33,665,Rendah
2025-10-27,0.88,666,Rendah
2025-10-28,0.56,667,Rendah
2025-10-29,0.5,668,Rendah
2025-10-30,0.71,669,Rendah
2025-10-31,0.69,670,Rendah
2025-11-01,2.69,671,Rendah
2025-11-02,3.11,672,Rendah
2025-11-03,3.71,673,Rendah
2025-11-04,13.2,674,Rendah
2025-11-05,4.58,675,Rendah
2025-11-06,6.45,676,Rendah
2025-11-07,13.82,677,Rendah
2025-11-08,7.99,678,Rendah
2025-11-09,8.64,679,Rendah
2025-11-10,7.23,680,Rendah
2025-11-11,25.51,681,Rendah
2025-11-12,9.66,682,Rendah
2025-11-13,2.14,683,Rendah
2025-11-14,1.6,684,Rendah
2025-11-15,10.92,685,Rendah
2025-11-16,23.82,686,Rendah
2025-11-17,45.74,687,Sedang
2025-11-18,13.08,688,Rendah
2025-11-19,26.08,689,Rendah
2025-11-20,42.54,690,Sedang
2025-11-21,45.04,691,Sedang
2025-11-22,53.26,692,Sedang
2025-11-23,59.32,693,Sedang
2025-11-24,77.57,694,Tinggi
2025-11-25,50.66,695,Sedang
2025-11-26,32.51,696,Rendah
2025-11-27,62.68,697,Sedang
2025-11-28,33.49,698,Rendah
2025-11-29,10.77,699,Rendah
2025-11-30,8.04,700,Rendah
2025-12-01,3.41,701,Rendah
2025-12-02,3.72,702,Rendah
2025-12-03,17.57,703,Rendah
2025-12-04,0.51,704,Rendah
2025-12-05,2.98,705,Rendah
2025-12-06,6.15,706,Rendah
2025-12-07,32.43,707,Rendah
2025-12-08,20.57,708,Rendah
2025-12-09,61.67,709,Sedang
2025-12-10,70.7,710,Sedang
2025-12-11,23.83,711,Rendah
2025-12-12,13.52,712,Rendah
2025-12-13,21.14,713,Rendah
2025-12-14,20.96,714,Rendah
2025-12-15,10.89,715,Rendah
2025-12-16,16.73,716,Rendah
2025-12-17,14.48,717,Rendah
2025-12-18,11.04,718,Rendah
2025-12-19,4.52,719,Rendah
2025-12-20,6.26,720,Rendah
2025-12-21,6.13,721,Rendah
2025-12-22,4.64,722,Rendah
2025-12-23,1.82,723,Rendah
2025-12-24,2.49,724,Rendah
2025-12-25,20.99,725,Rendah
2025-12-26,10.25,726,Rendah
2025-12-27,4.19,727,Rendah
2025-12-28,14.15,728,Rendah
2025-12-29,18.97,729,Rendah
2025-12-30,30.79,730,Rendah
2025-12-31,15.23,731,Rendah
